<manifest><control namespace="CRMONCE" constructor="CRMPCFProject" version="0.0.1" display-name-key="CRMPCFProject" description-key="CRMPCFProject description" control-type="standard" api-version="1.3.18"><external-service-usage enabled="false" /><property name="sampleProperty" display-name-key="Property_Display_Key" description-key="Property_Desc_Key" of-type="SingleLine.Text" usage="bound" required="true" /><resources><code path="bundle.js" order="1" /><css path="css/CRMPCFProject.css" order="1" /></resources><feature-usage /><built-by name="pac" version="1.47.1" /></control></manifest>